74-2720272,Kaitlynn,Garter,De Mitri,kdemitri0@newsvine.com,1C185GEa,activo,4,null
43-5902954,Alberta,Genders,Maillard,amaillard1@nbcnews.com,gpWtXx2,activo,4,null
57-4333458,Ralf,Bettis,Le Provost,rleprovost2@nbcnews.com,Vqqy5u,activo,4,null
10-6803523,Kristofer,Giannotti,Craine,kcraine3@cam.ac.uk,31plfgMJr,activo,4,null
79-7771424,Hadria,Allcoat,Benfield,hbenfield4@dagondesign.com,QsFpbdTnaZja,activo,4,null
12-0277302,Alvy,Hindenburg,Orman,aorman5@addtoany.com,bijdqpedk1,activo,4,null
00-6256470,Agace,Reisenberg,Polack,apolack6@desdev.cn,nScj3ZbjmE,activo,4,null
14-9153200,Fransisco,Mitchiner,Bagge,fbagge7@linkedin.com,MU0zkK8fobKs,activo,4,null
97-3304832,Reade,McDonand,Shervil,rshervil8@privacy.gov.au,bF8UY8zGz,activo,4,null
27-4962843,Forrest,Lorey,Carthy,fcarthy9@yolasite.com,EGlw4ImwAJ2,activo,4,null
